flight_number,departure_airport,arrival_airport,departure_date,arrival_date,duration,passenger_count
8825,AIP,ACC,6/15/2022,4/27/2022,2,73
9631,JHB,IDR,10/7/2022,4/18/2022,8,99
4143,TLC,AVW,5/15/2022,5/28/2022,4,284
2791,AFF,YOC,9/8/2022,12/25/2022,8,64
2068,PGX,UKR,7/21/2022,1/28/2022,19,496
1602,EDD,YEK,12/15/2022,3/31/2022,14,79
9051,COU,DOR,1/6/2022,7/29/2022,10,174
214,JHM,IFP,5/9/2022,6/8/2022,3,338
9121,HXX,SZR,4/16/2022,5/7/2022,6,451
3728,HYC,BXU,10/9/2022,3/8/2022,20,111
8009,TLY,NGX,6/16/2022,5/16/2022,11,138
4773,OUA,BHS,10/7/2022,11/19/2022,13,330
1244,FOT,IRO,5/11/2022,2/16/2022,6,475
6842,DNO,QRR,12/25/2022,1/12/2022,17,159
7305,AAX,HVB,6/11/2022,3/23/2022,8,422
9600,LTP,BUN,6/29/2022,10/24/2022,12,132
8754,PIW,BKQ,3/3/2022,3/19/2022,3,358
4513,BJL,VRA,5/19/2022,6/28/2022,7,54
8695,SAT,SZW,6/23/2022,6/17/2022,4,153
4220,COI,HOT,8/12/2022,2/28/2022,11,113
2796,VSG,SEN,2/28/2022,4/6/2022,12,376
7096,BCT,NRR,9/5/2022,4/13/2022,13,159
5050,MIM,KMS,8/23/2022,1/16/2022,13,101
8540,OGR,RKS,5/22/2022,1/9/2022,17,112
7143,WJA,OSY,5/18/2022,2/10/2022,14,436
8844,BTC,CCT,11/5/2022,2/13/2022,11,206
1598,DOU,TRJ,7/2/2022,1/14/2022,15,455
3258,AHE,DJN,1/23/2022,5/30/2022,24,144
1265,VNA,DWA,5/7/2022,8/10/2022,1,144
8754,CHA,SKU,7/29/2022,10/13/2022,3,3
1224,PIV,BLM,10/10/2022,3/5/2022,9,190
7695,TNK,JIC,6/3/2022,10/9/2022,5,395
7657,MNO,RAB,1/26/2022,3/15/2022,14,155
7006,PSH,HUO,12/20/2022,11/8/2022,24,456
1123,KBW,EGN,2/5/2022,7/25/2022,20,38
990,TCQ,BCA,10/11/2022,5/9/2022,15,301
7016,MVW,YTD,10/24/2022,9/27/2022,5,123
4730,0,NUI,7/24/2022,9/10/2022,20,390
6652,ZJG,HLE,1/1/2022,7/8/2022,2,354
9791,AFS,CSK,4/5/2022,4/1/2022,21,428
3914,GUP,DYM,5/16/2022,9/20/2022,11,359
4087,VIX,TBO,5/20/2022,8/29/2022,3,391
6386,ADT,CAP,8/8/2022,12/5/2022,17,471
965,GBC,RBY,7/2/2022,3/18/2022,10,75
2620,0,KGG,11/8/2022,2/15/2022,10,339
9772,KSQ,PSG,1/5/2022,10/31/2022,6,278
7989,HEM,MXV,2/17/2022,5/1/2022,24,412
7974,BJO,PIK,9/16/2022,1/18/2022,17,446
7100,MID,WZQ,1/7/2022,4/11/2022,19,186
5661,CZW,CHO,3/24/2022,1/24/2022,8,474
8837,SCS,HOS,3/22/2022,9/14/2022,1,335
8117,FLM,MDY,11/21/2022,3/24/2022,5,143
2289,YAC,LBO,5/21/2022,12/15/2022,1,339
7037,JMJ,YEM,10/14/2022,3/5/2022,19,396
2662,OGE,LZU,8/6/2022,6/4/2022,15,281
1740,HAX,OBU,12/13/2022,3/13/2022,23,230
8266,LDW,QRO,11/10/2022,6/29/2022,9,375
8819,KTL,SB2,3/31/2022,3/11/2022,2,335
1313,YST,QHU,5/6/2022,1/15/2022,19,320
4889,JVA,RWF,7/20/2022,2/10/2022,20,30
115,WBQ,GAU,4/17/2022,12/11/2022,22,99
1356,AKL,AQP,7/4/2022,5/17/2022,1,204
8275,BRN,VXC,12/24/2022,11/19/2022,3,230
475,BND,VIV,7/17/2022,11/20/2022,9,498
2885,KLR,IGA,11/1/2022,8/11/2022,20,19
1611,HEY,RBK,1/23/2022,12/15/2022,24,239
6134,HVK,IQM,2/8/2022,3/9/2022,22,242
4075,VNR,LZH,1/20/2022,3/11/2022,17,323
9909,LIM,EUM,5/20/2022,12/26/2022,21,478
8505,AOP,HHR,3/4/2022,4/27/2022,2,442
1561,PUG,JUL,11/7/2022,8/31/2022,1,70
1431,SWF,0,1/20/2022,5/1/2022,19,489
3872,FCY,EIS,11/4/2022,7/2/2022,8,418
2928,SAM,MOV,2/26/2022,12/6/2022,16,9
2960,MRP,SCD,4/21/2022,2/26/2022,4,265
3426,WHL,SQB,2/18/2022,3/29/2022,20,151
6241,TRH,PTG,7/10/2022,5/6/2022,19,57
3782,LMO,YYT,11/8/2022,12/13/2022,11,414
4691,RMQ,HGD,9/4/2022,5/18/2022,16,382
2635,LBK,OIL,10/21/2022,10/20/2022,18,74
6616,XPP,OLB,4/2/2022,10/6/2022,5,234
2523,KDY,LPB,11/25/2022,1/17/2022,14,170
984,LUE,ASZ,12/18/2022,11/13/2022,6,454
6676,OMB,GKD,4/24/2022,9/13/2022,5,16
7808,BYC,USR,12/26/2022,8/12/2022,18,319
4692,STC,CYC,5/22/2022,12/21/2022,13,364
5203,CRH,UCK,2/18/2022,8/15/2022,23,299
4818,BXW,GOV,7/23/2022,2/5/2022,4,424
1076,SWO,PRW,3/9/2022,9/10/2022,13,301
3308,ADK,PKA,1/3/2022,4/23/2022,12,399
4288,CTY,MDQ,12/21/2022,7/17/2022,8,490
4081,AIF,SHK,11/6/2022,12/7/2022,24,30
1364,GFO,QNJ,3/7/2022,9/16/2022,24,229
365,FSZ,NOC,11/20/2022,3/23/2022,9,298
5587,EMO,EAT,6/4/2022,10/18/2022,1,51
6163,ICK,NBO,11/27/2022,12/8/2022,15,244
9105,KTI,CNI,9/28/2022,7/24/2022,18,452
1557,PJB,ADK,12/3/2022,2/3/2022,9,150
8736,AZL,YEB,12/11/2022,9/10/2022,19,409
3031,CWS,BWT,3/14/2022,9/10/2022,16,160
4694,HFD,CLT,4/27/2022,12/20/2022,24,17
9203,MZG,KBO,2/11/2022,10/25/2022,4,94
272,BEH,AQA,4/20/2022,9/8/2022,13,354
4676,CTB,FRD,9/4/2022,3/15/2022,4,12
1726,JUH,PNC,3/26/2022,7/27/2022,17,395
2473,LBI,VND,7/21/2022,5/22/2022,1,321
1812,OMB,XEN,2/24/2022,8/13/2022,6,248
5096,ZCL,AOE,7/9/2022,10/18/2022,3,363
9004,YGW,YWJ,4/29/2022,3/25/2022,4,380
8851,BNU,BKF,1/11/2022,11/14/2022,24,267
3482,TCS,ETZ,2/25/2022,4/4/2022,13,412
5971,BWQ,TMC,7/2/2022,2/16/2022,1,401
7039,OPB,KGA,5/21/2022,8/18/2022,23,261
6147,ULN,LIK,6/11/2022,11/21/2022,6,174
4003,RBK,MSC,4/16/2022,9/30/2022,5,450
5508,CBV,WED,11/24/2022,7/22/2022,14,4
4993,RNO,LUF,11/12/2022,4/7/2022,6,33
8669,SBV,TTX,12/14/2022,8/19/2022,8,337
3027,CCN,SPJ,5/26/2022,2/10/2022,16,381
5385,UVF,YWH,5/14/2022,12/19/2022,24,417
1760,IBR,LKN,1/14/2022,1/9/2022,17,414
7638,NIS,OGG,4/9/2022,10/15/2022,12,427
1297,TLH,GRL,5/1/2022,9/18/2022,14,340
5651,CMM,LZM,11/20/2022,7/16/2022,24,125
6828,SHD,MAY,4/12/2022,8/15/2022,2,398
2867,LUI,GWW,8/22/2022,8/11/2022,14,2
864,OXY,YPO,3/5/2022,11/21/2022,6,273
5502,KBT,MDO,11/16/2022,3/14/2022,11,497
4293,GSL,FOA,5/14/2022,5/4/2022,23,134
4754,WCA,QSX,8/24/2022,7/6/2022,21,189
6756,UYL,YNJ,4/8/2022,4/13/2022,9,180
1637,RJN,AEB,11/7/2022,10/3/2022,6,315
1099,PMA,DGW,12/14/2022,10/23/2022,11,219
9959,RIE,PBI,3/5/2022,9/7/2022,8,127
7190,BWC,TEQ,3/24/2022,5/8/2022,12,165
8201,KEP,UYU,6/11/2022,11/19/2022,18,217
8775,QCU,YDC,7/24/2022,3/28/2022,5,359
6059,BTY,YSL,1/10/2022,10/30/2022,24,275
3820,PUE,OUN,2/8/2022,7/30/2022,18,423
625,AJK,DAX,4/1/2022,1/27/2022,21,338
2613,TMF,WPC,5/10/2022,1/30/2022,6,209
9991,EGO,KMX,4/20/2022,2/27/2022,20,355
1855,BLX,UJN,9/22/2022,6/10/2022,20,430
8351,LUZ,QLD,9/26/2022,10/22/2022,20,70
7927,CFH,HGI,12/6/2022,1/21/2022,15,87
9740,PAM,LPS,12/7/2022,10/25/2022,8,485
2254,SWF,YTF,7/30/2022,12/26/2022,14,321
1533,KRM,BQN,11/27/2022,6/3/2022,13,380
2209,FCN,KBT,8/13/2022,1/23/2022,6,245
8452,JKG,PKG,12/11/2022,6/1/2022,17,313
8724,YVB,0,5/27/2022,11/18/2022,7,71
280,ELX,OSN,10/23/2022,6/11/2022,6,63
464,COH,CKZ,5/21/2022,7/16/2022,9,201
6108,RSN,HYA,11/21/2022,1/19/2022,8,489
7262,NMB,CSI,7/5/2022,5/20/2022,18,377
7993,BLA,AOK,10/19/2022,2/13/2022,20,409
2728,ATX,ZFD,1/11/2022,9/14/2022,23,420
9255,KRE,MUT,6/6/2022,2/28/2022,15,422
9135,BAJ,OWD,1/27/2022,11/29/2022,17,212
1981,BIK,ADC,8/15/2022,7/31/2022,17,122
4064,CBT,GKK,2/8/2022,2/17/2022,2,299
6637,ERC,BSZ,5/22/2022,1/31/2022,12,52
6306,GEA,KDQ,4/1/2022,3/22/2022,16,119
4643,FLP,IBO,8/31/2022,5/24/2022,11,22
9940,YCC,YNL,7/5/2022,9/23/2022,10,169
4193,BCR,DED,3/24/2022,4/1/2022,14,345
626,ONT,XIL,6/27/2022,6/7/2022,7,471
4776,CAE,DAG,9/28/2022,11/14/2022,10,237
7438,SJJ,MLQ,11/21/2022,6/14/2022,17,221
8640,YIH,SQX,6/29/2022,7/23/2022,15,295
732,PDN,MUK,12/27/2022,8/19/2022,7,269
581,OCN,ATW,1/2/2022,2/12/2022,18,180
6720,JDO,PKA,1/19/2022,1/4/2022,10,399
6106,RMD,AJK,3/3/2022,3/3/2022,5,264
2020,TLB,ONJ,6/25/2022,7/18/2022,14,264
7052,MBX,RUU,12/20/2022,9/16/2022,8,397
897,TTS,QJB,1/14/2022,11/30/2022,2,384
2266,LGL,CVG,11/16/2022,9/22/2022,4,82
2610,HUI,CTA,10/28/2022,9/15/2022,11,72
7461,UAP,SBF,9/21/2022,5/19/2022,11,458
9059,NYA,AUI,2/2/2022,1/22/2022,20,72
3325,TTT,LVP,8/10/2022,5/5/2022,5,329
5534,MUG,DSG,6/11/2022,5/24/2022,16,25
5620,BBQ,CLH,7/20/2022,10/14/2022,12,308
5753,SGV,RFD,4/8/2022,7/24/2022,24,378
1217,SRG,AMH,12/29/2022,2/8/2022,10,356
772,PTU,ECH,8/25/2022,2/22/2022,20,287
6446,NUW,YOD,11/13/2022,6/15/2022,1,261
2425,NDJ,DOP,7/15/2022,8/1/2022,13,463
9722,HIW,MKK,10/30/2022,6/5/2022,23,36
7602,TIF,OLV,6/19/2022,11/8/2022,4,66
1635,SHX,NIS,10/22/2022,12/21/2022,19,178
8376,NHK,TNW,5/18/2022,3/28/2022,13,25
157,DNS,XMP,1/14/2022,11/4/2022,10,56
7769,GFA,YIP,7/9/2022,4/14/2022,7,63
6210,CJF,AUJ,7/29/2022,12/26/2022,8,484
8693,ONR,LRH,5/4/2022,10/24/2022,19,113
8565,MVT,PDS,9/20/2022,11/10/2022,1,428
7106,NOA,KRN,10/14/2022,5/19/2022,21,428
7646,HGD,KMM,4/19/2022,1/7/2022,10,356
6741,HEI,KME,2/5/2022,11/16/2022,3,150
8184,OMH,HLI,11/8/2022,4/20/2022,14,300
1259,0,UMA,8/2/2022,10/19/2022,2,251
8101,TFY,PEG,1/4/2022,1/26/2022,4,263
4050,UIP,WRE,4/8/2022,5/22/2022,5,146
2920,YZW,DGA,11/23/2022,11/14/2022,18,244
7561,OHA,GYD,12/26/2022,2/6/2022,3,64
174,CPE,MVC,11/9/2022,9/11/2022,15,371
6098,HOQ,TLN,12/7/2022,6/7/2022,22,195
6349,KIU,STZ,11/25/2022,12/27/2022,3,264
9634,LOC,AGF,10/29/2022,1/4/2022,16,212
2725,XIE,LCI,12/17/2022,4/3/2022,23,241
4277,BXA,ADG,1/28/2022,7/6/2022,21,18
4642,BES,LJU,5/28/2022,7/21/2022,20,77
3284,QGB,BVO,8/31/2022,8/6/2022,24,181
9564,ENK,LRJ,4/4/2022,11/12/2022,12,44
3970,ARN,KBV,10/13/2022,5/24/2022,24,312
4777,SFT,LUW,2/11/2022,7/23/2022,23,448
1783,LBN,PNR,2/12/2022,9/22/2022,4,328
6119,PIO,LVP,9/17/2022,3/26/2022,7,119
5473,KMF,ALL,12/30/2022,6/4/2022,21,194
2279,LLK,USI,5/24/2022,12/26/2022,4,362
6406,KTY,EVG,2/23/2022,5/30/2022,21,229
5403,BED,AGS,12/29/2022,11/25/2022,4,357
761,WEP,DOL,11/20/2022,3/27/2022,6,139
2021,IRG,KKM,8/12/2022,12/12/2022,1,355
8199,EIN,FFU,12/16/2022,7/24/2022,9,451
3805,WBR,MPM,1/3/2022,5/27/2022,4,185
1636,GID,CAU,4/22/2022,12/8/2022,8,129
2016,RRS,SVP,9/15/2022,9/14/2022,9,229
2095,LIH,TRY,3/23/2022,6/30/2022,4,158
9639,SNU,OKA,8/23/2022,3/23/2022,5,409
6972,VRE,VRE,7/11/2022,10/29/2022,16,406
1825,MAX,MQB,5/31/2022,12/29/2022,9,163
8645,YYE,BIF,7/22/2022,12/17/2022,24,484
7097,YPN,PBI,11/18/2022,12/22/2022,8,137
5597,KIQ,JGD,5/22/2022,1/27/2022,22,248
6333,YCV,NTI,12/10/2022,9/5/2022,20,12
6495,WKA,ROB,8/12/2022,7/30/2022,22,404
2542,HFT,RAO,8/17/2022,12/9/2022,11,157
4803,RNZ,RDT,4/2/2022,3/16/2022,23,104
2684,JIN,UMM,10/2/2022,7/19/2022,23,137
7482,AKY,TIR,8/16/2022,10/5/2022,11,180
2764,KCG,BIE,6/10/2022,1/24/2022,3,50
3067,KRH,POO,5/12/2022,12/25/2022,12,134
7462,SFI,VFA,8/14/2022,12/30/2022,8,192
1909,0,VUS,4/3/2022,3/9/2022,3,81
8303,TJS,KNA,11/9/2022,2/16/2022,16,349
7096,ZAG,HRZ,12/25/2022,5/9/2022,7,129
9574,BCK,PMY,12/16/2022,8/23/2022,17,388
2272,GDD,AMQ,7/16/2022,8/15/2022,24,169
8826,PGE,SHF,7/23/2022,6/1/2022,23,61
5794,YNY,CEF,10/17/2022,10/2/2022,4,308
1374,RBG,BQH,3/22/2022,10/25/2022,24,78
3620,TMY,IMF,1/6/2022,1/13/2022,18,263
7752,LLX,KFP,2/4/2022,1/17/2022,6,443
9670,SKA,USU,3/28/2022,6/15/2022,5,16
284,CBK,OHE,5/19/2022,7/21/2022,14,464
3492,OLM,JUA,2/15/2022,6/10/2022,11,290
1136,KIF,MCU,7/17/2022,2/9/2022,1,207
9104,CYU,TRE,12/16/2022,10/25/2022,18,159
7027,KUG,NYN,5/20/2022,2/20/2022,24,434
2633,MDK,RBJ,12/18/2022,3/28/2022,9,143
8246,LKZ,EZS,9/28/2022,6/2/2022,11,306
3509,VIL,AJK,7/13/2022,6/16/2022,4,271
8691,NTO,WLR,7/2/2022,2/18/2022,18,288
5395,ANP,KEG,10/20/2022,11/24/2022,24,231
6064,KHR,THS,8/16/2022,5/8/2022,24,220
4611,MIK,OBL,11/29/2022,7/31/2022,21,353
4655,AAT,LIV,12/28/2022,10/9/2022,19,492
1100,ETB,RAR,6/2/2022,10/21/2022,8,38
4667,LNM,CCL,10/15/2022,6/4/2022,3,143
4484,BFR,RMF,8/31/2022,2/18/2022,11,232
1469,EVV,SXZ,6/22/2022,3/7/2022,15,119
8082,WME,MOI,8/22/2022,4/1/2022,14,436
609,EPL,CHF,5/28/2022,9/14/2022,24,3
9945,YLL,ELS,10/26/2022,6/1/2022,21,142
9277,0,KFA,10/4/2022,9/9/2022,17,411
1779,PEF,AXG,11/13/2022,8/17/2022,6,31
1183,KMS,KSX,12/26/2022,8/25/2022,14,385
2696,YOY,OFJ,7/26/2022,9/26/2022,24,294
4558,GVT,RWN,4/28/2022,6/21/2022,22,375
4833,0,AKN,4/23/2022,11/20/2022,2,277
803,XCO,RBR,1/8/2022,7/8/2022,5,469
3557,PTQ,UAK,5/25/2022,11/20/2022,4,318
7533,HDY,UIO,11/5/2022,5/5/2022,11,268
1184,AHZ,IRB,1/19/2022,4/29/2022,21,245
9320,PLF,HIO,1/20/2022,7/20/2022,15,35
8849,JIN,PBT,4/5/2022,9/6/2022,15,474
1088,INC,AKI,7/25/2022,7/2/2022,4,488
9734,WNP,SKV,2/21/2022,8/26/2022,17,20
4246,KGS,WST,1/23/2022,6/24/2022,19,345
5639,TKM,EWE,10/21/2022,10/9/2022,4,81
3621,CHH,SHC,4/19/2022,8/27/2022,12,46
4986,MJO,XPR,11/25/2022,3/30/2022,7,27
2388,KLG,PSS,9/10/2022,1/14/2022,20,215
8656,BKZ,TBI,12/13/2022,4/30/2022,7,225
5303,YXS,FRY,11/15/2022,7/5/2022,13,264
2538,AKA,KYL,9/29/2022,4/11/2022,3,414
8126,DUB,EUE,3/23/2022,3/1/2022,24,272
8337,CHZ,SDJ,2/16/2022,10/6/2022,21,204
2222,BVX,CAL,1/9/2022,7/28/2022,8,147
8736,CNV,APB,5/3/2022,9/17/2022,1,361
9675,XZA,NBL,11/10/2022,12/27/2022,21,473
7509,TNT,MWY,1/30/2022,1/20/2022,22,94
1298,RKE,ADO,3/18/2022,6/3/2022,7,63
2322,MBC,MFC,3/27/2022,5/17/2022,14,441
707,YBV,PVI,12/29/2022,1/10/2022,1,58
2991,EMY,ASK,3/14/2022,9/5/2022,2,399
5794,ORX,YGB,6/3/2022,9/19/2022,10,84
2580,MYL,ROP,6/14/2022,1/1/2022,24,6
686,KEC,DRA,7/2/2022,8/2/2022,21,237
5897,PDB,JCH,6/2/2022,7/20/2022,21,351
342,AXN,CSO,2/19/2022,11/27/2022,12,266
9149,YHI,LRO,7/15/2022,5/4/2022,10,280
3016,CUR,EIK,7/17/2022,12/11/2022,19,34
2452,FAK,WOS,10/10/2022,1/29/2022,8,380
3205,SOY,TAT,4/8/2022,5/29/2022,1,423
9685,TLO,TZA,6/29/2022,6/5/2022,8,457
7631,RVH,IHO,12/9/2022,10/15/2022,4,48
2199,LBO,AAD,11/22/2022,4/24/2022,22,19
8458,SEE,YVM,11/21/2022,7/12/2022,5,175
9675,BSV,MTJ,2/27/2022,7/12/2022,14,169
8926,ZWL,BVG,7/29/2022,11/30/2022,6,432
3006,DJR,JRN,6/2/2022,2/12/2022,18,268
1507,BFL,OMM,4/28/2022,1/2/2022,17,321
5437,ASM,KEP,2/11/2022,11/2/2022,11,203
646,RVV,MRQ,11/14/2022,9/18/2022,12,13
8050,MOE,TOY,11/22/2022,6/9/2022,11,114
9146,MSB,TLD,9/4/2022,9/8/2022,20,55
8027,YIG,YDC,10/17/2022,2/12/2022,8,151
5317,BHX,YUJ,1/28/2022,1/31/2022,9,367
4481,IWJ,MVT,10/24/2022,11/16/2022,17,211
1382,QLD,MUR,11/14/2022,7/10/2022,15,222
1,RDP,ALL,2/27/2022,3/4/2022,12,344
6149,KSF,LRU,5/8/2022,12/1/2022,15,265
2254,KMT,MPW,7/28/2022,5/31/2022,24,303
7867,MQU,LGN,6/5/2022,9/15/2022,2,367
9927,TKR,GUE,3/29/2022,4/3/2022,9,239
4531,GKA,MPA,12/12/2022,8/25/2022,1,444
8119,AWA,AAU,11/22/2022,3/5/2022,8,359
797,LSN,AIE,3/25/2022,12/20/2022,5,130
2162,CQM,RBK,9/4/2022,6/14/2022,19,268
115,TYF,MNA,1/31/2022,4/17/2022,8,423
4633,YEQ,DOH,4/8/2022,7/30/2022,20,475
7004,UTS,BAJ,5/22/2022,2/15/2022,3,171
1377,TKJ,CKB,1/16/2022,12/9/2022,23,253
9331,TKE,RKW,1/12/2022,3/12/2022,16,195
9010,ALA,IDR,10/26/2022,9/10/2022,21,30
8600,LUD,IZA,10/9/2022,4/27/2022,17,84
30,ESI,CUB,1/8/2022,4/4/2022,18,444
5872,KTB,ZUD,7/25/2022,5/5/2022,18,363
5266,DJG,JCT,4/29/2022,12/3/2022,2,127
9410,ADT,SUA,6/27/2022,6/21/2022,11,70
5085,ANC,OYL,2/23/2022,11/23/2022,8,285
5033,UZM,SBL,10/7/2022,2/24/2022,11,23
5469,WNA,YXY,4/8/2022,2/11/2022,24,113
5485,MPZ,NKL,5/31/2022,2/25/2022,1,395
9698,KDP,SZQ,5/2/2022,7/10/2022,13,333
9448,UKH,ZZU,3/4/2022,3/6/2022,14,138
1258,SMH,DUR,9/25/2022,3/20/2022,17,85
7381,IVG,CYM,1/24/2022,9/4/2022,8,85
1554,TTX,SHT,3/21/2022,5/17/2022,22,70
3780,PWY,ONT,7/31/2022,9/13/2022,18,322
2027,DLL,KBH,2/3/2022,11/11/2022,3,65
7839,OMH,RUU,12/11/2022,8/31/2022,3,429
453,MGX,AEK,7/2/2022,7/16/2022,5,399
8357,AXX,KOL,9/8/2022,6/24/2022,4,195
5069,EIB,TEV,12/22/2022,12/25/2022,12,420
2585,OTD,OLR,11/5/2022,7/20/2022,4,498
8531,LOK,HLG,12/3/2022,4/27/2022,18,134
1638,LDZ,ARO,4/22/2022,3/23/2022,17,430
5212,CSG,GML,8/20/2022,4/6/2022,11,69
4623,VAT,TNQ,9/1/2022,12/9/2022,8,22
7753,NTO,MWK,7/21/2022,6/21/2022,19,204
4948,SDI,EEN,8/22/2022,8/1/2022,11,90
7728,APL,HSB,4/15/2022,10/26/2022,15,258
887,EST,BRR,11/30/2022,9/21/2022,10,59
918,TCS,PYE,11/26/2022,11/27/2022,19,316
3103,FRC,HYG,10/23/2022,7/9/2022,18,148
2069,AZB,GXG,5/19/2022,3/21/2022,17,489
384,HTH,GRM,10/23/2022,1/6/2022,12,465
2484,HLU,AHB,8/29/2022,5/13/2022,10,119
8386,MBO,RRS,9/27/2022,11/3/2022,7,481
3418,BTB,POP,8/3/2022,1/21/2022,15,8
2953,BNC,AVN,4/2/2022,6/18/2022,19,111
6597,GUI,RUD,6/15/2022,9/26/2022,14,329
4158,ELW,HBG,7/22/2022,5/31/2022,3,47
2998,FMA,BSD,11/27/2022,12/20/2022,21,395
7392,OHH,AEO,10/4/2022,9/2/2022,19,320
2045,BZT,GIS,7/10/2022,12/10/2022,20,485
230,TAS,SBV,1/7/2022,12/23/2022,8,82
8159,MDN,AVR,11/20/2022,6/19/2022,2,454
4025,BPH,QLF,8/23/2022,2/25/2022,15,266
8195,SJJ,YHU,12/27/2022,2/23/2022,10,243
9088,ELR,ZPO,4/25/2022,6/2/2022,17,498
9462,RSN,UIL,5/11/2022,5/4/2022,19,462
7678,XMW,DMM,3/12/2022,5/18/2022,22,321
1095,TUS,LGW,7/8/2022,10/27/2022,7,82
4758,BMK,KVA,9/15/2022,4/22/2022,21,66
1096,ICN,FAA,9/25/2022,12/11/2022,19,459
3867,NKU,BXY,6/20/2022,9/7/2022,19,91
6620,ZFD,BTV,5/25/2022,8/28/2022,15,315
7833,DBP,YQM,9/24/2022,3/31/2022,19,188
4491,ELE,LIC,5/31/2022,1/26/2022,2,250
3588,XFN,SHS,9/9/2022,3/14/2022,8,433
5389,VRS,ROH,12/16/2022,5/2/2022,14,289
4281,DCU,MEE,1/26/2022,5/29/2022,2,354
8750,LWM,WLR,4/18/2022,8/16/2022,20,92
3191,BHR,0,11/26/2022,4/19/2022,13,181
806,TIH,LZM,6/20/2022,8/13/2022,23,179
8166,SJU,FWA,2/7/2022,8/2/2022,14,192
5719,UII,XLO,4/7/2022,12/1/2022,12,136
9694,SHS,WFI,7/17/2022,7/20/2022,18,249
8919,AQY,YLE,4/20/2022,10/2/2022,12,24
7383,BIL,PUR,9/27/2022,10/28/2022,4,407
68,YSH,BMY,12/23/2022,5/15/2022,6,479
3497,YGA,QGU,4/25/2022,10/22/2022,16,191
2981,LMQ,COG,12/1/2022,10/11/2022,7,94
9373,NOV,EVM,3/12/2022,3/21/2022,2,150
6632,YYC,HRK,11/8/2022,7/13/2022,13,11
2353,HIO,WIE,8/7/2022,11/25/2022,18,186
7171,YEU,RWN,4/3/2022,12/17/2022,22,109
4368,JTI,KKR,6/25/2022,10/4/2022,18,20
7860,MGT,LCR,6/4/2022,10/2/2022,5,290
4727,DMT,NEV,6/5/2022,5/10/2022,4,463
4569,LIQ,SPD,7/12/2022,9/14/2022,18,15
9563,KUY,UCY,11/4/2022,7/9/2022,10,326
4353,YTG,ASB,6/13/2022,6/29/2022,21,399
9551,NNX,WTO,12/3/2022,3/11/2022,15,273
3850,RAH,TOZ,4/26/2022,4/16/2022,11,222
9517,BUW,SQB,7/26/2022,3/4/2022,15,295
4904,CPE,BSD,9/16/2022,6/9/2022,21,86
186,UEO,RBY,4/8/2022,11/16/2022,7,377
6387,SCT,ZFU,6/23/2022,8/8/2022,13,458
6177,GUT,LBM,5/6/2022,3/14/2022,13,69
3396,ULU,QRM,6/5/2022,4/18/2022,5,367
7106,UKA,CIV,12/24/2022,9/24/2022,5,236
4121,ULA,KTT,12/18/2022,8/29/2022,3,431
9788,ENU,MAU,3/9/2022,2/7/2022,13,388
6374,OMO,NAI,10/23/2022,8/23/2022,6,390
1367,PPG,TAK,11/17/2022,12/11/2022,9,67
1128,ZSE,SXS,2/28/2022,2/7/2022,12,197
9289,EMA,GLI,8/16/2022,3/10/2022,4,334
280,GCA,CSH,2/8/2022,12/9/2022,13,17
7017,ISM,SMW,7/12/2022,10/13/2022,5,303
7134,CDA,CBC,7/8/2022,7/5/2022,17,76
718,ALJ,EWE,9/21/2022,8/14/2022,15,298
9308,WHP,ION,2/12/2022,5/12/2022,8,38
1162,DRS,UUS,9/4/2022,11/8/2022,9,287
9714,CUU,HEX,5/6/2022,7/10/2022,17,117
1587,FLN,CJJ,11/15/2022,4/25/2022,6,346
7698,RZS,PDM,4/4/2022,9/7/2022,1,14
749,YPB,AMY,9/15/2022,11/18/2022,6,396
2439,MVK,UEL,11/19/2022,11/14/2022,8,252
8474,SWF,ODL,4/26/2022,6/27/2022,6,346
9365,WEW,QGS,1/12/2022,2/23/2022,14,484
4140,WLS,BGK,4/17/2022,10/28/2022,18,404
6733,SZI,ITA,4/4/2022,10/12/2022,13,23
333,IIS,CFH,1/17/2022,5/26/2022,1,155
9674,TDG,CJB,6/18/2022,8/8/2022,13,69
165,MFO,CUK,11/9/2022,9/17/2022,15,35
3,LZI,WAN,6/3/2022,11/29/2022,22,356
3417,PHF,LSL,1/20/2022,10/3/2022,9,445
8892,EMA,DPO,11/20/2022,2/21/2022,14,473
2209,0,HYS,6/4/2022,12/21/2022,19,170
2277,XDA,CGP,7/23/2022,4/5/2022,11,237
8161,YYZ,DTU,5/29/2022,5/11/2022,12,77
7123,LBF,YMU,8/8/2022,12/21/2022,22,19
9262,DHT,SCM,12/4/2022,10/26/2022,16,15
1920,KGG,CKR,1/6/2022,12/22/2022,24,142
6974,MBO,ADM,2/1/2022,8/22/2022,1,24
6248,GOZ,LFM,2/24/2022,12/16/2022,17,414
5937,LBZ,YHU,11/5/2022,4/25/2022,18,257
1638,WBA,SDX,7/20/2022,12/5/2022,9,103
927,NVN,THH,3/7/2022,10/4/2022,12,209
9655,AJF,TOO,9/20/2022,10/2/2022,4,221
4135,HMN,APX,5/15/2022,2/15/2022,22,261
2588,GHT,OLD,6/23/2022,1/22/2022,10,202
7701,MZT,WUI,1/15/2022,12/18/2022,6,161
5310,TBN,CZW,5/5/2022,11/26/2022,14,499
9072,GRE,WYA,5/16/2022,5/8/2022,22,113
9252,SBZ,UAK,9/11/2022,11/29/2022,10,340
207,KIA,EDW,12/10/2022,12/12/2022,20,412
8273,RGH,MMX,4/18/2022,11/28/2022,14,365
1696,CDA,ZEL,1/26/2022,9/20/2022,24,201
9511,SAF,MWA,10/26/2022,7/4/2022,14,108
9531,RNJ,GYM,4/28/2022,12/10/2022,21,358
807,BNW,CSG,3/31/2022,7/24/2022,5,422
7992,MZG,SAL,7/29/2022,9/23/2022,21,123
4392,SHL,RXE,5/27/2022,8/9/2022,13,248
698,LOO,SFQ,3/26/2022,7/17/2022,5,226
9627,TMT,MEH,3/14/2022,7/27/2022,11,302
1321,OMI,ILY,7/20/2022,1/6/2022,20,498
4380,DDG,UTT,5/1/2022,7/11/2022,10,18
8470,FMH,ALN,12/9/2022,2/4/2022,15,231
6795,AEX,YSP,2/16/2022,2/15/2022,23,28
9122,CLW,YSE,3/30/2022,5/16/2022,1,163
1095,YYF,MJI,4/22/2022,5/15/2022,23,118
4923,MBA,YHP,10/12/2022,3/7/2022,23,9
5667,NGS,PWM,1/9/2022,1/2/2022,24,164
8482,YKG,YBX,6/19/2022,8/11/2022,3,227
656,NKU,PBZ,11/19/2022,2/15/2022,3,300
6580,MPB,VLV,10/8/2022,9/2/2022,11,465
8511,XYA,AVG,9/15/2022,6/2/2022,12,232
903,KKR,ARP,7/3/2022,4/30/2022,20,461
9798,TCR,EBA,3/29/2022,11/2/2022,15,475
9684,GUI,YYN,8/23/2022,2/19/2022,20,244
3649,VAI,RAV,3/2/2022,11/4/2022,13,456
7789,FNH,AAJ,3/22/2022,7/18/2022,13,486
3966,RAX,LEE,11/25/2022,11/19/2022,10,352
6109,FRM,NGD,8/10/2022,12/26/2022,10,488
1370,SBK,MEE,2/4/2022,6/25/2022,8,453
5234,BLG,MUK,12/19/2022,6/30/2022,18,154
8433,BDI,XCH,8/2/2022,9/8/2022,14,125
3406,WUN,RDA,7/9/2022,12/27/2022,17,115
902,TQS,DZI,6/10/2022,3/19/2022,22,79
9026,UMR,QRT,4/1/2022,10/24/2022,6,472
3057,MTT,GMA,7/9/2022,11/25/2022,20,392
9204,CYR,SKC,12/17/2022,3/17/2022,5,318
5952,BLZ,PBJ,3/22/2022,2/26/2022,5,15
1856,AYL,BAY,10/19/2022,7/22/2022,17,222
7042,AII,ATE,8/28/2022,8/1/2022,24,499
7350,QID,BLF,8/19/2022,10/15/2022,4,377
7820,GSJ,LIL,1/24/2022,10/27/2022,8,481
1540,SHU,DQM,12/3/2022,3/6/2022,2,334
9661,DOO,AUY,8/27/2022,3/7/2022,22,298
1931,XJD,LTU,10/6/2022,10/8/2022,13,9
8714,EBM,JDA,1/25/2022,2/1/2022,20,385
4491,GRB,WET,2/11/2022,3/31/2022,9,355
4566,PZA,SWS,12/22/2022,5/8/2022,19,92
8775,HIA,SFZ,4/9/2022,5/5/2022,23,103
6782,BUA,BJG,9/7/2022,2/13/2022,23,428
7637,PZU,IXU,9/8/2022,1/3/2022,3,38
4988,QOA,DIG,10/3/2022,2/5/2022,1,408
8076,IXZ,HZB,1/9/2022,8/25/2022,3,57
259,GOO,MVE,10/14/2022,3/1/2022,1,310
971,CLO,EDI,6/25/2022,10/10/2022,14,217
1233,CVG,ABP,4/10/2022,7/9/2022,18,25
7638,BQH,TAO,10/19/2022,6/28/2022,18,185
4559,IPI,LST,11/1/2022,8/10/2022,3,148
7686,BVA,MEI,4/23/2022,5/1/2022,7,174
5808,MSA,HUA,12/13/2022,10/8/2022,11,272
6109,AFA,HHE,9/9/2022,7/15/2022,2,310
1179,NUK,LOH,6/13/2022,8/14/2022,2,443
4200,SFQ,YEH,3/15/2022,5/16/2022,20,208
7268,GEB,EBW,1/3/2022,9/12/2022,6,179
1755,KOT,WTL,6/24/2022,7/18/2022,20,490
2843,AZG,XAB,6/28/2022,12/1/2022,7,185
6357,ALA,MIF,5/20/2022,11/8/2022,4,114
3369,THD,EFG,8/7/2022,8/30/2022,11,289
8842,YDF,BAR,9/3/2022,4/14/2022,22,292
6970,NTQ,GMT,11/10/2022,9/22/2022,21,404
9913,HIT,CUM,10/21/2022,3/15/2022,8,254
5355,ORG,TLQ,3/10/2022,12/12/2022,8,304
1103,AGB,ULG,3/4/2022,1/16/2022,18,156
6036,TZM,SRJ,2/5/2022,8/18/2022,14,245
9842,MHO,NMN,7/11/2022,12/19/2022,5,487
8631,PPM,FNI,12/1/2022,3/24/2022,10,322
3117,KWE,SNI,10/7/2022,4/11/2022,6,295
3419,0,RAS,9/19/2022,2/22/2022,3,75
6606,TCQ,WPK,8/12/2022,5/6/2022,19,309
1389,YTF,AKA,3/23/2022,4/11/2022,3,196
5937,ALB,MSW,2/17/2022,2/10/2022,20,158
3511,BQU,CDO,2/21/2022,6/22/2022,16,265
3953,CAF,LGT,6/3/2022,7/16/2022,17,355
8293,KOT,YGE,6/14/2022,1/22/2022,6,128
8596,LUZ,GCW,9/21/2022,12/11/2022,18,200
367,AYD,AMZ,8/2/2022,2/14/2022,9,155
3344,HMT,POS,4/20/2022,12/19/2022,7,113
3224,BBV,TIZ,5/31/2022,11/15/2022,17,385
2819,RBJ,SER,5/6/2022,2/10/2022,19,139
353,GYR,GKH,3/18/2022,3/23/2022,15,9
4071,TDR,BBQ,9/18/2022,11/4/2022,13,127
9852,CSX,MAK,7/7/2022,10/20/2022,2,351
1221,HOM,ALI,3/5/2022,8/21/2022,13,229
7677,BFG,CFD,10/29/2022,8/10/2022,4,51
7420,LZM,UAH,8/30/2022,12/29/2022,1,317
6088,BHN,ODJ,1/31/2022,11/13/2022,17,179
2498,MBS,BVC,3/4/2022,11/19/2022,12,125
632,BWU,OLD,7/17/2022,4/19/2022,16,225
8199,PRG,KOS,4/5/2022,1/9/2022,19,28
3395,RMP,GAH,8/3/2022,8/28/2022,14,280
8093,NNA,SIL,10/15/2022,6/14/2022,5,266
4848,TLH,WBD,4/10/2022,5/21/2022,9,274
8901,MOG,PSS,2/10/2022,9/24/2022,21,47
8816,YUS,MZE,1/23/2022,11/12/2022,13,22
7125,PYX,HEG,8/26/2022,9/13/2022,9,120
3905,BNN,YAD,6/29/2022,5/28/2022,11,57
2684,DRS,YDC,12/26/2022,1/19/2022,20,255
1578,LPC,QVR,5/16/2022,11/27/2022,12,163
1210,PRE,PRC,3/1/2022,5/12/2022,9,286
3429,GOI,VAK,1/27/2022,9/11/2022,1,202
6788,ULC,SPI,5/16/2022,3/5/2022,17,193
6466,RAF,BIY,12/10/2022,12/9/2022,22,144
1908,XMN,PBO,10/17/2022,8/23/2022,14,180
6213,UKU,EKN,7/21/2022,7/6/2022,6,254
5281,NAR,FLT,3/5/2022,12/10/2022,13,382
9612,LYO,MSO,9/28/2022,5/18/2022,2,227
8735,MFU,SIS,10/24/2022,7/30/2022,10,363
9199,ADI,KHR,8/9/2022,6/22/2022,24,334
5920,GSP,SUM,12/3/2022,11/9/2022,24,429
3013,AGN,FNR,5/27/2022,9/28/2022,20,324
9872,LYX,MRY,1/19/2022,11/29/2022,14,107
3882,TJU,BZR,11/20/2022,11/20/2022,20,108
6908,QJP,TOW,9/10/2022,5/22/2022,19,417
633,EVA,TUM,9/22/2022,6/17/2022,22,269
6775,DEL,SFN,8/4/2022,9/7/2022,6,165
8409,IMP,TUC,12/1/2022,8/26/2022,21,128
1151,PBT,QOW,10/4/2022,10/18/2022,6,233
9901,GLT,MAH,6/7/2022,11/14/2022,14,13
3220,BLJ,DOM,1/1/2022,5/2/2022,14,160
1442,REU,0,6/10/2022,3/11/2022,15,437
834,PUN,IBR,8/16/2022,8/9/2022,24,131
800,PWR,XAB,8/11/2022,8/29/2022,5,119
9973,UNI,KNL,6/3/2022,12/10/2022,14,37
1310,MTW,TAE,1/24/2022,5/27/2022,22,97
9793,TEX,HUO,5/28/2022,10/8/2022,20,331
4509,BJM,TCQ,9/13/2022,8/26/2022,1,329
2941,UMM,MCG,5/27/2022,6/11/2022,15,474
808,YBP,YCG,7/5/2022,10/12/2022,17,477
593,SVZ,NCL,11/5/2022,11/11/2022,10,438
5958,GLM,OYE,11/26/2022,1/26/2022,4,126
5955,BSK,AAP,6/19/2022,4/5/2022,24,480
5637,HEO,YHB,8/30/2022,10/4/2022,23,438
8887,BKJ,RLT,2/15/2022,7/19/2022,12,446
8494,AAY,KIL,6/17/2022,6/14/2022,18,16
5690,SWG,KDW,6/5/2022,5/10/2022,23,72
9014,MSD,HFE,12/25/2022,4/30/2022,13,381
8498,FRS,HGZ,5/4/2022,10/14/2022,1,66
8315,MLM,RIY,6/12/2022,9/28/2022,13,39
5708,MYJ,CLX,2/11/2022,10/12/2022,17,61
2581,MVM,OOL,2/7/2022,3/14/2022,13,91
3102,TMD,MSL,9/9/2022,4/19/2022,6,491
9738,BGU,TFB,4/15/2022,9/23/2022,17,399
2494,PMT,OHT,11/27/2022,5/1/2022,9,31
6521,DLS,BEH,8/14/2022,8/28/2022,19,324
2170,KWG,LOL,10/31/2022,5/4/2022,5,275
5851,YWB,WWI,4/4/2022,12/12/2022,18,148
6781,HLB,OSK,10/24/2022,2/8/2022,13,146
9596,OSL,ALV,4/19/2022,7/11/2022,2,451
7759,HEY,OOR,1/25/2022,7/10/2022,20,280
1253,MTV,EDQ,5/11/2022,3/31/2022,23,447
9257,YBO,WBB,4/16/2022,11/7/2022,21,495
4204,RAG,MTL,4/24/2022,7/26/2022,8,414
3849,KHG,LHE,3/16/2022,4/16/2022,20,40
246,MOT,AJL,8/25/2022,8/16/2022,4,421
6634,NDJ,FCA,12/25/2022,6/20/2022,7,115
6364,NGK,FCO,5/27/2022,7/6/2022,20,47
2698,TUB,BRX,8/11/2022,4/16/2022,18,151
5155,TGV,SKX,3/27/2022,9/15/2022,18,394
7792,YAH,TOP,9/11/2022,9/14/2022,14,8
9007,RCH,CLP,8/21/2022,8/29/2022,4,336
9005,TKA,CUN,11/23/2022,12/23/2022,19,54
8513,ZHY,UVL,9/3/2022,10/30/2022,16,233
3412,CDY,YPR,9/15/2022,8/19/2022,12,481
2697,MSM,LSN,12/12/2022,3/6/2022,16,405
9218,IWJ,DSV,11/28/2022,4/8/2022,11,359
3595,HPA,RVD,2/11/2022,2/14/2022,15,251
7579,RMQ,EPH,5/16/2022,9/9/2022,7,312
1423,FUL,PPB,3/30/2022,7/28/2022,17,114
1546,NKU,MUQ,11/18/2022,4/22/2022,20,464
4256,LTF,KPE,12/19/2022,6/28/2022,4,475
3514,NDN,SMX,7/23/2022,5/20/2022,4,186
5477,UAK,PND,8/20/2022,11/29/2022,18,323
7505,FUN,VBY,5/23/2022,6/23/2022,12,483
6631,AMU,ILG,9/10/2022,4/7/2022,4,387
2283,HHE,YOO,4/18/2022,2/6/2022,14,26
2202,KIP,LXV,11/4/2022,6/8/2022,5,429
893,KWP,YRO,11/27/2022,5/23/2022,18,323
6235,NKS,ITK,3/22/2022,3/2/2022,2,360
1367,ITI,CST,11/1/2022,12/15/2022,23,227
4277,KNK,PKW,11/2/2022,8/26/2022,15,20
4670,UTO,CLC,5/21/2022,4/16/2022,24,9
2999,BXD,PDM,1/24/2022,12/3/2022,23,9
445,SZE,YUE,6/15/2022,12/10/2022,18,87
1926,GLT,MNN,11/20/2022,12/27/2022,10,460
7122,LWI,LSW,8/21/2022,12/3/2022,10,132
4774,TDV,OLN,8/16/2022,5/5/2022,3,291
5150,KPP,GLN,10/26/2022,11/14/2022,4,286
2607,CGD,QFO,8/9/2022,3/17/2022,23,403
3693,BFO,YWR,1/25/2022,11/26/2022,24,84
1333,ACF,BYO,12/3/2022,9/24/2022,10,398
5753,GRZ,KTF,3/14/2022,6/3/2022,16,33
2383,BRP,KSK,7/15/2022,5/10/2022,6,383
8803,KGS,SIG,2/17/2022,10/21/2022,15,175
2019,HLM,TUK,9/28/2022,12/13/2022,16,231
6799,STX,WWD,9/19/2022,11/25/2022,20,68
8720,GOI,LTG,2/28/2022,6/1/2022,20,155
6380,LUK,LRR,9/9/2022,9/14/2022,15,356
7797,PEM,MMF,8/7/2022,3/16/2022,17,5
7400,BQK,KIC,10/6/2022,8/10/2022,22,185
4795,MOB,PTZ,6/4/2022,2/15/2022,9,152
9848,SFG,DIS,6/30/2022,1/12/2022,18,330
3209,NCI,BNW,5/20/2022,2/20/2022,10,490
6829,MOE,HBG,4/21/2022,7/31/2022,10,487
4289,HPR,DOD,11/17/2022,3/9/2022,21,226
6938,CFE,KWZ,10/4/2022,11/17/2022,20,405
1223,BUU,SLP,9/15/2022,12/7/2022,21,245
4021,RKU,HMG,4/4/2022,6/22/2022,19,343
7672,PIB,OBN,6/24/2022,11/25/2022,12,345
9594,JCT,NKN,4/26/2022,3/22/2022,15,452
5327,MAK,NSH,6/16/2022,4/11/2022,3,172
4198,MUC,BYP,11/17/2022,8/26/2022,19,353
7508,SQE,XDE,5/4/2022,9/27/2022,18,177
3257,RIM,LAG,2/17/2022,4/24/2022,7,315
7036,ENO,BXK,1/13/2022,10/29/2022,14,245
3936,WRB,CDV,11/1/2022,5/26/2022,23,131
7321,BDK,AHY,12/22/2022,9/30/2022,9,373
7778,BIE,HAB,10/21/2022,3/6/2022,11,287
4216,NNI,PUD,2/22/2022,8/29/2022,13,441
7689,UUK,CBS,9/5/2022,10/7/2022,15,68
7211,BMR,RVV,6/3/2022,1/6/2022,11,97
487,KYK,TBH,4/4/2022,12/30/2022,22,5
4482,PTM,KDP,7/16/2022,1/10/2022,22,477
3923,LUC,HRL,1/31/2022,4/21/2022,6,473
7282,HOA,FCO,5/4/2022,4/7/2022,21,411
7515,GTN,JER,3/3/2022,2/7/2022,1,291
2337,NLV,AKS,9/25/2022,2/24/2022,15,20
1570,SVT,WLH,12/28/2022,11/1/2022,21,63
9182,SJL,TBQ,11/19/2022,10/3/2022,13,440
440,IGT,TNW,11/1/2022,12/6/2022,12,55
3195,VLU,BBS,11/18/2022,10/24/2022,22,480
7186,BTC,ORG,10/10/2022,6/12/2022,14,148
230,OAR,BCI,4/2/2022,11/7/2022,11,189
8233,MAL,SHV,4/2/2022,8/6/2022,24,302
1159,CYU,IPT,3/9/2022,8/21/2022,12,204
6899,LHW,PSP,6/20/2022,6/25/2022,2,99
2478,AEG,CIF,1/31/2022,11/14/2022,13,2
7238,BSK,OWB,1/20/2022,2/15/2022,24,352
7570,KEY,XCZ,6/23/2022,7/10/2022,3,389
971,KEO,ORL,12/27/2022,12/13/2022,4,131
3168,VAG,PDK,11/23/2022,6/17/2022,5,96
6994,BCM,CTX,8/10/2022,2/4/2022,18,328
6606,WOK,TRH,11/29/2022,6/19/2022,1,228
3855,SAS,JNG,1/25/2022,6/18/2022,20,365
8835,MJD,DNG,9/19/2022,2/5/2022,12,449
1891,GFY,LCF,3/28/2022,8/13/2022,4,293
7926,ZMM,DIN,4/13/2022,9/22/2022,1,255
1547,TJB,AET,7/9/2022,9/22/2022,9,335
3747,POT,CMK,12/10/2022,2/26/2022,19,298
1426,GMS,VKO,9/6/2022,11/8/2022,16,292
4828,SAE,ABR,1/24/2022,7/17/2022,16,76
9603,ILD,MYZ,8/16/2022,9/1/2022,8,21
8699,PMN,0,9/26/2022,8/15/2022,11,397
2392,WPC,MSU,9/30/2022,5/11/2022,23,385
5092,TQS,JAT,5/16/2022,5/26/2022,9,395
123,NCA,WBQ,5/1/2022,12/26/2022,16,9
4137,EXI,RIN,6/26/2022,6/6/2022,2,120
4282,EAT,BUX,9/21/2022,7/25/2022,20,43
5474,TAK,RYK,12/5/2022,5/30/2022,22,431
2246,NRR,VDY,8/15/2022,11/7/2022,4,167
8607,MSO,MPL,2/22/2022,9/18/2022,8,77
894,IGU,DJN,12/11/2022,6/1/2022,4,374
936,LMZ,CMB,6/4/2022,12/5/2022,1,61
4529,TXN,PFQ,9/9/2022,4/26/2022,17,169
2888,HDB,MTA,9/15/2022,5/1/2022,12,338
2789,CRY,TRW,3/3/2022,11/4/2022,2,79
3426,SEX,FOO,6/11/2022,3/1/2022,21,144
3508,PVG,XBO,2/4/2022,7/6/2022,4,255
2502,BQG,MZD,6/5/2022,4/14/2022,24,233
6323,ATB,JGA,2/14/2022,3/15/2022,16,92
6179,MZP,WTK,4/13/2022,12/26/2022,9,286
5994,DCI,BNH,8/7/2022,5/12/2022,10,143
6391,HHH,SPY,2/21/2022,10/11/2022,15,26
2820,YLI,RRT,7/5/2022,8/4/2022,17,19
3113,ORC,NGS,10/24/2022,5/8/2022,8,344
489,NOO,APP,1/27/2022,6/26/2022,22,469
1707,BBI,RJL,4/17/2022,3/20/2022,19,17
8248,GHB,MDC,4/13/2022,4/19/2022,15,449
1466,BDM,GUQ,3/11/2022,8/20/2022,7,200
222,UAB,PBN,1/12/2022,8/16/2022,24,388
2245,SFR,YGP,7/10/2022,4/17/2022,15,387
6582,BJP,AKD,9/18/2022,10/17/2022,12,222
6988,ZFU,ISJ,8/16/2022,3/24/2022,17,230
9756,AQJ,ELV,12/30/2022,12/8/2022,5,463
5752,BBN,RIW,1/11/2022,9/19/2022,11,235
9144,DAN,BWW,12/16/2022,11/10/2022,6,70
6149,YMN,ULY,1/17/2022,5/11/2022,1,141
5555,HDR,PUB,3/6/2022,10/8/2022,1,310
9759,FLS,ARK,12/5/2022,3/28/2022,11,412
1407,CYP,DNO,11/16/2022,4/12/2022,24,446
817,IGB,PBG,2/12/2022,1/2/2022,3,283
127,WME,MLY,8/12/2022,9/14/2022,5,496
3343,ZSA,NLF,9/17/2022,9/25/2022,13,128
5845,GYP,PWT,7/5/2022,1/29/2022,14,352
5709,TXL,BTU,6/1/2022,11/1/2022,1,482
3578,MVA,BMS,12/12/2022,8/16/2022,21,424
6895,EDR,MQS,11/4/2022,11/19/2022,16,228
1836,CRV,CMC,2/21/2022,12/28/2022,12,496
962,VLA,KSU,9/14/2022,6/26/2022,4,306
8453,WAG,PYA,12/19/2022,12/14/2022,7,266
316,BXP,LRS,5/6/2022,7/16/2022,21,183
6919,DUE,NOM,2/16/2022,5/5/2022,8,463
6369,PQI,CMF,9/12/2022,6/9/2022,3,186
2648,SZL,LWI,10/18/2022,12/7/2022,13,416
7355,SPQ,BRC,6/27/2022,5/23/2022,20,467
243,BEK,RSN,3/27/2022,4/11/2022,5,398
3350,BYW,TLH,1/23/2022,8/23/2022,13,106
8126,CRY,AGT,6/25/2022,10/19/2022,5,123
1907,PGF,LMT,2/2/2022,11/24/2022,19,479
9037,WBO,OGR,12/25/2022,5/28/2022,3,461
1585,0,OAS,2/25/2022,11/26/2022,4,308
7505,KMB,BIR,7/2/2022,9/29/2022,15,385
8113,BFJ,PNP,2/19/2022,6/6/2022,11,184
7518,ORB,FTK,3/1/2022,4/28/2022,13,500
7272,AKU,CUU,4/21/2022,12/11/2022,2,77
4083,IJU,ISM,10/16/2022,12/14/2022,7,356
320,KWV,SOB,2/20/2022,12/29/2022,22,273
9915,RHV,PKZ,6/7/2022,1/9/2022,15,331
5163,FBA,BJQ,5/4/2022,2/6/2022,4,114
842,DRF,FDU,7/11/2022,3/12/2022,5,161
6971,IMD,BLH,7/24/2022,11/28/2022,1,4
7694,DDD,UAR,1/28/2022,9/19/2022,11,447
5958,OBO,SAR,12/22/2022,7/13/2022,12,196
5937,ODO,MCR,1/2/2022,7/25/2022,21,303
1392,AFZ,SKJ,4/11/2022,7/4/2022,6,297
9685,HKV,WCA,2/12/2022,11/2/2022,11,446
4282,LRJ,QLD,9/3/2022,8/31/2022,6,379
6892,MUF,GCM,10/15/2022,6/10/2022,20,143
6936,VRL,LLI,1/6/2022,9/6/2022,13,448
9042,YZG,YDG,5/23/2022,6/18/2022,21,200
2015,WUX,0,2/13/2022,2/3/2022,12,440
8523,ALA,YER,12/21/2022,10/7/2022,14,307
4308,SNK,EKI,2/23/2022,10/16/2022,5,187
8687,GEV,PGR,9/15/2022,2/20/2022,19,481
1677,YNP,BGE,6/6/2022,6/19/2022,22,280
2555,KAL,0,5/7/2022,1/23/2022,18,160
7642,STW,UDJ,11/9/2022,10/6/2022,1,324
8124,CTT,FRW,9/23/2022,8/17/2022,11,225
733,LKC,WBR,11/4/2022,8/11/2022,16,370
5489,LCR,RBV,2/13/2022,12/15/2022,15,460
3445,AIV,OGZ,4/11/2022,2/11/2022,10,16
3749,MCD,MSU,2/11/2022,4/24/2022,11,15
8843,BDN,MTT,2/6/2022,10/15/2022,18,323
8080,UTK,BQQ,12/2/2022,11/23/2022,13,105
9933,MUK,AET,5/3/2022,1/11/2022,18,177
4900,OSE,ZEN,6/3/2022,1/22/2022,13,232
1138,FRL,HMJ,8/15/2022,11/18/2022,18,480
2269,HRR,KCG,10/30/2022,11/14/2022,11,354
2586,OEM,CPS,8/19/2022,2/16/2022,18,262
2105,YDB,OCC,7/28/2022,12/15/2022,21,21
5991,AGC,PCO,1/14/2022,12/11/2022,3,337
4370,SMY,NYK,9/11/2022,7/11/2022,2,163
1576,LUS,DSI,2/17/2022,1/13/2022,14,161
4169,DMM,ZHM,1/25/2022,6/18/2022,13,349
5148,ZFM,SYE,3/2/2022,8/12/2022,15,278
1873,IIA,BAZ,8/13/2022,10/2/2022,4,351
1502,MHG,ANM,7/11/2022,1/2/2022,17,245
8414,CEB,EMT,11/1/2022,6/28/2022,10,148
2164,GUS,PSK,5/14/2022,11/9/2022,14,197
9082,AZP,DPT,7/15/2022,8/23/2022,15,39
2150,NAN,LDK,3/14/2022,6/8/2022,18,489
556,LID,TNS,5/11/2022,2/3/2022,2,437
5457,GYP,FRZ,6/9/2022,10/21/2022,22,399
9184,KSC,KNH,12/10/2022,3/11/2022,14,312
6090,PPS,LGA,5/31/2022,2/15/2022,20,333
2810,MDZ,GPZ,6/17/2022,6/8/2022,11,327
5099,LJU,SQZ,3/15/2022,11/11/2022,2,212
9970,WGA,PSL,4/28/2022,4/7/2022,20,205
3889,OAH,TLY,6/9/2022,12/19/2022,3,209
7917,OZG,SDT,7/3/2022,5/20/2022,3,493
5923,DVK,TNX,3/26/2022,11/3/2022,23,451
2199,MJU,BJO,3/29/2022,4/21/2022,18,173
2320,SVJ,SEV,8/27/2022,5/31/2022,13,302
4693,HFA,ENW,6/30/2022,9/23/2022,20,319
8816,LMC,ZNZ,12/18/2022,9/19/2022,8,417
1237,REP,LUE,5/1/2022,12/14/2022,4,334
1594,AGA,EHL,5/4/2022,9/9/2022,21,330
7542,MDF,SKH,7/12/2022,9/7/2022,24,269
5247,MLL,MIT,8/4/2022,2/12/2022,16,139
7327,LEL,TBZ,11/26/2022,7/6/2022,4,140
3275,DRD,MVT,4/21/2022,2/1/2022,12,39
6375,PKX,LSS,4/18/2022,7/26/2022,14,2
6676,KOP,TRF,9/3/2022,5/17/2022,24,466
6293,ZGI,SFM,6/28/2022,6/6/2022,14,371
5929,BWA,MRN,10/8/2022,12/15/2022,15,291
3350,HUA,QCO,3/7/2022,8/17/2022,3,390
6262,YKE,LAX,9/12/2022,10/11/2022,5,50
8424,AWR,LOD,5/16/2022,7/20/2022,9,490
3451,SBS,DGO,2/15/2022,3/31/2022,11,79
6629,MFD,ANG,2/25/2022,6/4/2022,12,456
3811,RDE,TLW,3/4/2022,12/22/2022,24,363
908,YZP,SRW,4/15/2022,11/30/2022,21,421
4566,BCS,EEN,4/29/2022,1/11/2022,24,197
7235,HEG,IBI,1/9/2022,5/14/2022,6,80
1586,KPP,CCH,6/7/2022,8/13/2022,12,233
4170,XFW,RAZ,2/5/2022,3/23/2022,4,129
8662,AVG,LQN,10/20/2022,11/6/2022,11,400
370,HTH,ROC,2/5/2022,11/30/2022,15,49
3604,RHN,WMP,8/26/2022,3/18/2022,16,387
8763,TLI,VVN,5/25/2022,10/18/2022,19,483
7380,JGS,UTA,3/29/2022,10/11/2022,3,108
5877,VRI,CKG,10/25/2022,10/27/2022,18,342
4265,SIF,HCW,12/16/2022,1/12/2022,5,285
2366,OLA,DQA,2/22/2022,7/29/2022,23,247
1371,PNE,BQK,6/27/2022,1/23/2022,20,8
7506,FRG,KUM,11/30/2022,8/18/2022,5,320
7196,ENC,CIT,9/9/2022,11/14/2022,8,366
3353,KTI,JOM,1/23/2022,5/31/2022,21,229
81,OUD,JAX,8/26/2022,2/24/2022,2,425
417,YYG,XRH,5/18/2022,1/9/2022,20,33
4374,RCO,BZY,10/14/2022,8/9/2022,19,145
8091,TRG,BGC,4/28/2022,2/13/2022,12,241
7478,AEL,FKQ,5/10/2022,6/24/2022,10,297
125,LOI,HOI,6/23/2022,4/4/2022,1,143
1236,0,LLU,6/26/2022,8/28/2022,2,308
8911,WMO,MRD,12/7/2022,1/30/2022,4,25
1224,MUM,RWF,1/31/2022,2/17/2022,6,28
8024,WSB,WTD,2/13/2022,6/23/2022,9,301
4881,BVV,CAW,2/15/2022,9/24/2022,3,308
6006,OKU,RHV,4/3/2022,12/12/2022,16,320
3997,LVA,RMD,11/6/2022,3/1/2022,7,125
7628,GOT,LNI,10/28/2022,2/25/2022,7,336
9285,IFF,SXQ,5/29/2022,11/5/2022,22,234
2104,ELW,SKM,6/12/2022,1/29/2022,20,465
3929,FDY,NAD,7/7/2022,12/3/2022,4,108
2278,EMS,BNX,10/2/2022,12/19/2022,11,82
586,WON,PSS,7/29/2022,11/12/2022,19,300
1274,WAZ,BXN,6/4/2022,5/20/2022,10,342
9499,IUE,CYF,12/9/2022,6/8/2022,2,110
5927,PGC,AXJ,10/26/2022,7/15/2022,3,197
4370,YMK,TMD,3/11/2022,6/9/2022,19,114
6188,GGC,KOY,11/25/2022,5/19/2022,22,482
8787,TNG,TMN,7/2/2022,12/11/2022,14,395
507,IMD,CGG,1/26/2022,3/5/2022,3,212
4896,DNK,YEG,7/19/2022,2/16/2022,24,224
5355,OLM,KBH,7/22/2022,12/13/2022,6,8
8004,BFP,RBX,5/23/2022,5/15/2022,1,206
2630,FET,WVL,5/3/2022,2/18/2022,5,224
32,LAZ,AAN,5/4/2022,12/29/2022,6,87
8768,GNA,HUQ,1/24/2022,9/9/2022,17,437
9476,CCE,SUZ,5/24/2022,4/16/2022,1,290
6629,ESP,IOM,6/23/2022,8/29/2022,10,331
4492,LTX,WBR,8/17/2022,1/29/2022,13,156
4720,PTW,GBC,3/4/2022,4/7/2022,3,359
4914,CXY,NOC,9/5/2022,7/31/2022,12,181
1407,GRD,KUS,6/12/2022,3/25/2022,16,30
2966,VLY,PRX,9/22/2022,12/5/2022,15,258
1741,IXU,0,12/11/2022,1/21/2022,6,195
7788,BMO,NNB,2/2/2022,1/9/2022,15,414
2905,SVQ,PFR,5/12/2022,1/17/2022,21,297
5184,YRN,YXS,4/4/2022,7/31/2022,22,9
87,YXU,KNA,3/8/2022,1/23/2022,3,124
6680,TBV,ITH,8/9/2022,4/24/2022,14,132
1375,CKS,UGS,8/28/2022,2/26/2022,23,361
6813,LBI,VCT,7/1/2022,9/8/2022,2,354
4997,BYB,PET,7/5/2022,2/19/2022,14,292
7360,NKX,JED,4/24/2022,5/1/2022,8,1
4023,OEM,TOQ,5/29/2022,11/25/2022,12,368
7725,CRB,YEO,6/7/2022,8/28/2022,23,371
1183,GLW,AXU,3/18/2022,2/7/2022,22,258
528,ACV,RTS,2/17/2022,7/7/2022,5,482
1509,GNA,AHE,2/3/2022,4/27/2022,8,250
335,ISC,YTG,11/27/2022,10/13/2022,16,132
2080,JQA,KWF,6/20/2022,7/12/2022,11,488
2641,WAN,YSO,2/16/2022,10/1/2022,3,204
329,JIU,YCN,9/11/2022,12/26/2022,6,186
2156,RSU,BMX,6/18/2022,1/11/2022,2,140
1913,RKW,MTN,10/2/2022,8/19/2022,12,183
1170,MFF,HBD,2/23/2022,4/12/2022,24,290
7196,JCK,LOA,12/5/2022,10/8/2022,8,100
2955,LZO,LTQ,3/9/2022,5/19/2022,20,419
9134,WDN,MZM,12/9/2022,11/21/2022,5,137
5131,KGI,WAF,10/23/2022,1/23/2022,11,413
2204,SBP,SUA,10/24/2022,12/18/2022,18,467
2705,TED,DLI,11/8/2022,2/22/2022,23,254
9265,AHY,KWE,12/29/2022,5/30/2022,5,209
3304,KFE,NDJ,1/15/2022,6/30/2022,2,129
4929,TOD,TRD,9/28/2022,11/19/2022,14,238
7190,MBW,YVV,6/3/2022,2/20/2022,19,208
4205,IML,DAC,5/10/2022,3/6/2022,1,44
9413,GME,OAK,9/23/2022,11/7/2022,10,121
5474,KNX,CJL,9/24/2022,9/28/2022,6,438
5807,DIA,YNA,1/3/2022,11/14/2022,20,428
9317,YLY,NLS,6/21/2022,9/2/2022,18,301
8706,BCF,VGD,11/2/2022,6/29/2022,7,365
2222,QLS,KNM,5/11/2022,11/11/2022,16,234
1085,YNY,YPD,12/21/2022,7/19/2022,11,346
248,BDT,GKA,4/21/2022,1/10/2022,19,32
9134,RST,TYD,12/10/2022,7/15/2022,18,489
8495,LGS,QSI,1/24/2022,10/30/2022,4,80
2987,AXF,GUE,2/28/2022,10/31/2022,18,294
5217,ZTH,USS,5/29/2022,1/3/2022,12,158
6425,SLS,QVR,5/7/2022,1/11/2022,5,245
4112,KPR,KRO,9/19/2022,9/5/2022,20,168
9670,CZS,CZX,4/28/2022,3/11/2022,3,209
8415,YVC,SLK,6/23/2022,12/26/2022,22,421
6543,TUO,VOT,4/14/2022,9/8/2022,9,483
9200,WTP,AHZ,9/19/2022,1/29/2022,4,166
5746,GTT,MSF,1/12/2022,5/16/2022,23,460
8280,WRO,YBT,1/11/2022,7/8/2022,6,311
8679,IXN,IBZ,5/27/2022,4/21/2022,1,252
9267,SRU,LBX,9/5/2022,6/2/2022,24,305
3709,PVA,HND,9/12/2022,4/24/2022,20,263
8943,PHP,MJS,10/12/2022,10/5/2022,1,300
5670,HBT,FCY,6/17/2022,2/25/2022,1,125
8917,BFX,NRK,9/15/2022,7/28/2022,6,68
3757,DUJ,WSG,11/28/2022,8/29/2022,3,444
8935,0,DEM,5/10/2022,2/16/2022,12,431
