﻿{
   "name":"Accessible Orchid",
   "dataColors":[
      "#364B59",
      "#C480A7",
      "#663466",
      "#6E98B5",
      "#67002E",
      "#5D8099",
      "#3F213F",
      "#EC64A9",
      "#3599B8",
      "#DFBFBF",
      "#4AC5BB",
      "#5F6B6D",
      "#FB8281",
      "#F4D25A",
      "#7F898A",
      "#A4DDEE",
      "#FDAB89",
      "#B687AC",
      "#28738A",
      "#A78F8F",
      "#168980",
      "#293537",
      "#BB4A4A",
      "#B59525",
      "#475052",
      "#6A9FB0",
      "#BD7150",
      "#7B4F71",
      "#1B4D5C",
      "#706060",
      "#0F5C55",
      "#1C2325"
   ],
   "foreground":"#192229",
   "background":"#FFFFFF",
   "foregroundNeutralSecondary":"#716E76",
   "backgroundLight":"#EBE8FA",
   "foregroundNeutralTertiary":"#96939E",
   "backgroundNeutral":"#DAD8E8",
   "tableAccent":"#BD3978",
   "maximum":"#3F213F",
   "center":"#663466",
   "minimum":"#6E98B5",
   "bad":"#BD3978",
   "neutral":"#C480A7",
   "good":"#9C6584",
   "textClasses":{
      "callout":{
         "fontFace":"'Drawliner'"
      },
      "title":{
         "fontFace":"'Drawliner'"
      }
   }
}